commit_id,commit_url,rationale,response_0,response_1,response_2,resp0_vs_resp1,resp0_vs_resp2,resp1_vs_resp2
928,https://github.com/junit-team/junit4/commit/5eee07b3e21f196b8cb937fb88eb8cf4be694f76,"GOAL: Optimize ParentRunner.filter by filtering the elements so that it does not create redundant nested filters for each suite.
NEED: Prior to this change, applying a filter to a nested suite would create redundant nested filters, i.e., for each suite or test class, ParentRunner.filter() called Filter.intersect() again.","GOAL: Optimize ParentRunner.filter for nested suites by removing the internal fFilter state and directly applying the passed filter to each child, avoiding redundant nested filters.  
NEED: Prior to this change, applying a filter to a nested suite would create redundant nested filters—ParentRunner.filter() repeatedly called Filter.intersect() for each suite or test class.","GOAL: Optimize ParentRunner.filter for nested suites by removing the stored fFilter and related helper methods and instead using the incoming Filter directly in shouldRun and apply.

NEED: Prior to this change, applying a filter to a nested suite would create redundant nested filters (ParentRunner.filter invoked Filter.intersect() for each suite or test class), so this avoids that unnecessary nesting.","GOAL: Optimize ParentRunner.filter for nested suites.  
NEED: Prior to this change, applying a filter to a nested suite would create redundant nested filters—ParentRunner.filter() called Filter.intersect() again for each suite or test class.",0.9532915427,0.9604085736,0.9283586568
1625,https://github.com/junit-team/junit4/commit/b1d37670892cd885b87a7c62d7c5808517fd20b6,GOAL: Remove the variable from the MaxStarterTest class because it was unused.,GOAL: Remove the unused variable `fMessage` from MaxStarterTest.,GOAL: Remove the now-unused local variable fMessage.,GOAL: Remove the useless variable declaration (`String fMessage`) from MaxStarterTest.,0.7571569962,0.9295273301,0.7441908669
3142,https://github.com/apache/dubbo/commit/8798d3852ed0e9e82f037e89f9b8cd8b96a17e49,"GOAL: Ensure that protocols are not registered when the register attribute is set to false by configuring register to false by default.
NEED: The protocol register registers a protocol, even when the register attribute is set to false. Besides, the log message is incorrect.","GOAL: Introduce and use a REGISTER_KEY parameter (removing the hard-coded default of true) so that when a protocol’s register flag is false the service is only exported locally and not registered in the registry; update logging to report “Register…” only when register=true and “Export…” otherwise.

NEED: The `<dubbo:protocol register=""false""/>` setting was ignored—services with register=false were still being registered (e.g., in Zookeeper) because ProtocolConfig::isRegister was never applied, so the register attribute had no effect.","GOAL: Enable the protocol `register` attribute to actually control service registration by removing its hard-coded default, introducing a `REGISTER_KEY` constant, and updating the export logic and logging to check `url.getParameter(REGISTER_KEY, true)` before registering or merely exporting the service.  
NEED: Until now, `ProtocolConfig.register` was never applied in the export/registration code (except in tests), so setting `register=""false""` had no effect and services (e.g., Hessian) were still registered to the registry.","GOAL: Remove the hard-coded default “register=true” setting and introduce a REGISTER_KEY constant; then update ServiceConfig#doExportUrlsFor1Protocol so that it checks the register flag and only logs “Register … to registry” (and performs a registry export) when register=true, otherwise logs “Export …” when register=false or local.

NEED: Users found that setting protocol register=""false"" had no effect—services were always registered (and the log always said “Register …”) because no code ever checked ProtocolConfig::isRegister; in reality only the log was wrong and misled users.",0.814196798,0.8358203543,0.8392243888
3261,https://github.com/apache/dubbo/commit/5f19335477a9ea4eb0af0dd0bdbe068b4e309edd,GOAL: Update the spelling of AcessLogFilter to AccessLogFilter.,GOAL: Fixed a typo in AccessLogFilter by changing “AcessLogFilter” to “AccessLogFilter” in the logger warning message and corresponding test assertion.,GOAL: Correct the typo “AcessLogFilter” to “AccessLogFilter” in the logger.warn message and the corresponding test assertion.,GOAL: Correct the typo “AcessLogFilter” to “AccessLogFilter” in the filter’s log message and corresponding test.,0.9334201098,0.9048467014,0.9371187053
4762,https://github.com/square/retrofit/commit/9d683b75b111e60d30da8a03335d2ce71f5e8585,"GOAL: Update Retrofit’s coroutine suspension mechanism to use Dispatchers.Default and low-level coroutine intrinsics, instead of relying on yield.
NEED: With the current implementation, it's possible for certain dispatchers to completely avoid yielding, and currently, the immediate dispatchers exhibit this behavior. For this reason, Retrofit crashes with `UndeclaredThrowableException` when using the `suspend` modifier, making multiple requests, or throwing an exception from an interceptor.","GOAL: Migrate the forced‐suspension mechanism from `yieldAndThrow` (using `yield()`) to a new `suspendAndThrow` implementation that uses `Dispatchers.Default` and low-level coroutine intrinsics, replacing calls in `SuspendForResponse` and `SuspendForBody`, and update tests to use a dispatcher that prevents `yield()` from deferring work to avoid regressions.  
NEED: Some dispatchers (notably immediate ones) can completely avoid `yield()`, so exceptions thrown synchronously in OkHttp callbacks get delivered immediately—causing unchecked `UndeclaredThrowableException` in Java proxies—and Retrofit lacks its own thread pool to defer resumption, necessitating a reliable suspension mechanism before throwing.  
ALTERNATIVES: Considered having users annotate every suspend interface method with `@Throws(IOException::class)` or `@Throws(Exception::class)` to satisfy proxy boundaries, or bouncing exceptions into the continuation on OkHttp’s executor, but instead implemented forced suspension via coroutine intrinsics.","GOAL: Replace the yield-based forced suspension (yieldAndThrow) with a new suspendAndThrow implementation that uses Dispatchers.Default and low-level coroutine intrinsics, and update tests to run under a dispatcher that bypasses yield() to catch regressions.

NEED: Immediate dispatchers can completely avoid yielding, so yield()-based suspension doesn’t guarantee suspending before throwing, causing synchronous exceptions (e.g. IOException) to be wrapped in UndeclaredThrowableException by Java proxies. Retrofit lacks its own thread pool for deferral, so it requires a reliable mechanism to force suspension and deliver exceptions correctly to the coroutine continuation.

ALTERNATIVES: Requiring @Throws(IOException::class) or @Throws(Exception::class) on every suspend function, or bouncing exceptions via OkHttp’s executor, were considered but proved burdensome or unreliable.","GOAL: Migrate forced suspension from kotlinx.coroutines.yield() to a Dispatchers.Default-based intrinsics implementation (suspendAndThrow) and update tests to use a dispatcher that disables yield() to avoid regressions.

NEED: Certain coroutine dispatchers (notably immediate ones) can completely avoid yield(), causing synchronous checked exceptions (e.g., from OkHttp callbacks or Java proxies) to be wrapped in UndeclaredThrowableException; Retrofit has no dedicated thread pool to defer execution, so a more reliable forced suspension mechanism is required to deliver exceptions properly.

ALTERNATIVES: Requiring @Throws annotations on each suspend function or bouncing synchronous exceptions onto OkHttp’s executor were considered but not adopted.",0.9322881955,0.9308704105,0.9406811814
4807,https://github.com/square/retrofit/commit/ac566e1abd3fee77d8d588a2cd97c5056d330d2c,"GOAL: Ensure Retrofit’s eagerlyValidateMethods() ignores static interface methods.
NEED: Retrofit 2.1.0 throws an exception when building a client implementation proxy if the interface has static methods.","GOAL: Ignore static interface methods during eager validation to support Java 8 interface static methods.  
NEED: Retrofit 2.1.0 currently throws an exception building a client proxy if the interface has static methods because eagerlyValidateMethods does not bypass them.  
ALTERNATIVES: Add a check for static methods (`(method.getModifiers() & Modifier.STATIC) != Modifier.STATIC`) in eagerlyValidateMethods, either directly or via Platform.","GOAL: Ignore static interface methods during eager validation to support Java 8 interface static methods.  
NEED: Retrofit 2.1.0 throws an exception when building a proxy for interfaces with static methods because eagerlyValidateMethods doesn’t bypass them.  
ALTERNATIVES: Considered adding a `&& (method.getModifiers() & Modifier.STATIC) != Modifier.STATIC` check in Retrofit.eagerlyValidateMethods, either directly or via the Platform abstraction.","GOAL: Ignore static interface methods when eagerly validating to support Java 8 interface static methods.

NEED: Retrofit 2.1.0 throws an exception in Retrofit.eagerlyValidateMethods when the service interface defines static methods.

ALTERNATIVES: Add `&& (method.getModifiers() & Modifier.STATIC) != Modifier.STATIC` to Retrofit.eagerlyValidateMethods, either directly or via Platform.",0.9708429959,0.9459977613,0.9570108754
4928,https://github.com/square/retrofit/commit/a307aaac884dc7f1b1ef99f8f94125d8d141dc54,"GOAL: Add an API that returns a list of call adapter factories.
NEED: The developer needed a way to modify the list of CallAdapter.Factory instances in the same way as OkHttpClient.Builder allows access to a mutable list of interceptors. But Retrofit.Builder did not provide an API to retrieve this list.","GOAL: Add a new Retrofit.Builder.callAdapterFactories() method—a sister API to converterFactories()—that returns a modifiable List<CallAdapter.Factory>.

NEED: Expose a mutable list of CallAdapter.Factory instances on the Builder so clients can call newBuilder() and swap in custom adapters, similar to converterFactories() and OkHttpClient.Builder’s interceptor list.

ALTERNATIVES: Considered keeping default factories out of the exposed list by moving them into build() and stripping them out when cloning via newBuilder() rather than exposing them directly.","GOAL: Add a new method `Retrofit.Builder.callAdapterFactories()` that returns a modifiable list of call adapter factories, mirroring the existing `converterFactories()` API.

NEED: Retrofit.Builder previously didn’t expose its lists of `Converter.Factory` or `CallAdapter.Factory`, preventing callers of `newBuilder()` from swapping in a new `GsonConverterFactory` or adding custom adapters. Exposing these lists lets users modify factories much like OkHttpClient.Builder’s mutable interceptor list.

ALTERNATIVES: One proposal was to move default factories into the `build()` method (so they aren’t in the exposed list) and strip them when cloning via `newBuilder()`, but the chosen solution was to directly expose the mutable factory lists.","GOAL: Add a sister API to Retrofit.Builder by introducing callAdapterFactories(), which returns a modifiable List<CallAdapter.Factory> mirroring converterFactories().

NEED: Retrofit.Builder previously didn’t expose its list of call adapter factories, preventing clients from swapping or modifying adapters (e.g., via newBuilder()); users wanted mutable access similar to converterFactories() and OkHttpClient.Builder’s interceptor list.

ALTERNATIVES: One option was to keep defaults out of the exposed list by moving default converters into build() and stripping them when cloning the builder in newBuilder(), rather than exposing the full list.",0.9458332613,0.9428853283,0.9435681879
6326,https://github.com/square/okhttp/commit/53e0f9e7fb39f7babd6388a7a56e9c7e827667e7,"GOAL: Adopt Kotlin idioms in the Headers API.
ALTERNATIVES: Using an inline function(forEachHeader()) and changing the internal data store to an array of (name, value) pairs could be used as alternatives.","GOAL: Adopt idiomatic Kotlin in Headers

ALTERNATIVES: One alternative was to provide an inline `forEachHeader()` function, but it wasn’t as flexible. Another was to change the internal store from alternating names and values to an array of pairs, which could reduce allocations on repeated iteration.","GOAL: Adopt idiomatic Kotlin in Headers.  
ALTERNATIVES: Considered providing an inline forEachHeader() function, but it wasn’t as flexible; also discussed refactoring the internal store from alternating names and values to an array of Pair<String, String> to reduce allocations on iteration.","GOAL: Make the Headers API and its call sites more idiomatic Kotlin by exposing size as a property, implementing Iterable<Pair<String,String>> (so callers can use `for ((name, value) in headers)`), replacing manual index-based loops, switching to `trim()` overloads and string templates.

ALTERNATIVES: The reviewer suggested an inline `forEachHeader()` extension (but it was deemed less flexible) and considered changing the internal backing store to an `Array<Pair<String,String>>` to reduce allocations on repeated iteration.",0.973357971,0.8403538928,0.8474016093
6367,https://github.com/square/okhttp/commit/a1265b6140a8fe336602b969960d4048ebd1d3da,"GOAL: Fix a regression in combining cache headers
NEED: Iterating over the indices of the header names doesn't work because header names are not distinct, and because of this, cached header combinations drop headers.
ALTERNATIVES: Avoiding duplicate headers in the cache, or refactoring the headers to handle duplicates, or rolling back to Retrofit 2.5.0 and OkHttp 3.14.0 could fix the problem.","GOAL: Fix a regression in combining cache headers by iterating over header entries using their actual count (size) instead of the deduplicated names set.

NEED: After migrating to Kotlin, combine() used cachedHeaders.names().indices, but names() isn’t distinct, so duplicate headers (e.g. “vary”) cause the index range to be too small and drop entries like content-encoding, leading Retrofit to misparse cached (gzipped) responses.

ALTERNATIVES: Consider preventing duplicate headers in the cache or refactoring the Header API to handle duplicate header names.","GOAL: Fix a regression in combining cache headers introduced by the Kotlin migration.  
NEED: Iterating over cachedHeaders.names().indices de-duplicates repeated header names, yielding too small a range (dropping the last header such as Content-Encoding) and causing cached responses (e.g. gzipped bodies) to be misparsed.  
ALTERNATIVES: Considered avoiding duplicate headers in the cache or refactoring the Header class to handle duplicate names.","GOAL: Fix a regression in combining cache headers

NEED: After migrating to Kotlin, iterating over cachedHeaders.names().indices failed when header names repeated, causing some headers (e.g., content-encoding) to be dropped and leading to broken cache responses

ALTERNATIVES: Consider avoiding duplicate headers in the cache or refactoring the Header class to handle repeated names",0.93553088,0.9254520382,0.9559066947
20960,https://github.com/spring-projects/spring-boot/commit/9b184e3955d490ccd0181e6917520b8dc100afd4,GOAL: Polish code by updating the log to the logger.,"GOAL: Replace the incorrect call to log.debug with the actual logger instance logger.debug in FailureAnalyzers.  
NEED: Ensure the catch block uses the defined logger field (rather than an undefined log), restoring proper debug logging and avoiding compilation errors.",GOAL: Replace the call to `log.debug(...)` with `logger.debug(...)` in the FailureAnalyzers catch block to use the correct logging field.,GOAL: Updated the debug logging call in FailureAnalyzers from using the undefined log variable to the correct logger instance.,0.9055397333,0.827779234,0.8106761987
29742,https://github.com/spring-projects/spring-boot/commit/1c789f1a8d7fea4af7624496197fa931a3d4634d,"GOAL: Remove dependency management for `hibernate-entitymanager` because it is redundant. 
NEED: Since Spring Boot 2.0 supports Hibernate 5.2 as a minimum, the hibernate-entitymanager dependency should be removed, and `hibernate-core` should be used directly instead. The hibernate-entitymanager module was merged into hibernate-core in Hibernate 5.2 and now exists only as an empty artifact for backward compatibility. It is scheduled for removal in Hibernate 6.0. 
ALTERNATIVES: The commit isn’t needed since the artifact may no longer be required, however removing it would go against the policy of providing dependency management for all modules.","GOAL: Remove dependency management and direct dependencies on the now-redundant `hibernate-entitymanager` artifact across Spring Boot modules, replacing them with `hibernate-core`.  

NEED: Since Hibernate 5.2 merged `hibernate-entitymanager` into `hibernate-core` (making the former an empty compatibility artifact slated for removal in Hibernate 6) and Spring Boot 2.0 requires at least Hibernate 5.2, managing or depending on `hibernate-entitymanager` is no longer necessary.  

ALTERNATIVES: The team considered retaining dependency management for `hibernate-entitymanager`—both to cover all library modules per policy and because the artifact still exists in Hibernate 5.2 (and would harmlessly remain a no-op in Hibernate 6)—but ultimately chose to remove it.","GOAL: Remove redundant hibernate-entitymanager dependencies across Spring Boot modules and update their POMs to use hibernate-core directly.  
NEED: Since Hibernate 5.2 merged hibernate-entitymanager into hibernate-core—leaving the former as an empty, backward-compatibility artifact slated for removal in 6.0—and Boot 2.0 requires Hibernate 5.2+, managing hibernate-entitymanager is unnecessary.  
ALTERNATIVES: They considered retaining dependency management for hibernate-entitymanager (it still exists in 5.2 and managing a nonexistent module in 6.0 would be harmless) to adhere to the policy of providing management for all library modules, but opted to remove it.","GOAL: Remove redundant hibernate-entitymanager dependency management and dependencies across Spring Boot modules and use hibernate-core directly.  
NEED: Since hibernate-entitymanager was merged into hibernate-core in Hibernate 5.2 (leaving it as an empty backward-compatibility artifact slated for removal in Hibernate 6.0) and Spring Boot 2.0 requires Hibernate 5.2+, dependency management for hibernate-entitymanager should be removed in favor of hibernate-core.  
ALTERNATIVES: Considered retaining dependency management for hibernate-entitymanager—to comply with the policy of managing all library modules, because the artifact still exists in Hibernate 5.2, and since leftover management wouldn’t harm a move to Hibernate 6.0—but ultimately removed it.",0.9480112881,0.9642429015,0.9626649114